{
  "Maxi": {
    "name": "Maxi",
    "features": {
      "mean": -0.08435416666666666,
      "std": 583.6898282594457,
      "max": 5675.0,
      "min": -4223.0,
      "energy": 551.0600625
    },
    "registered_count": 3
  }
}